<?xml version="1.0" encoding="UTF-8"?><rss version="2.0"
	xmlns:content="http://purl.org/rss/1.0/modules/content/"
	xmlns:wfw="http://wellformedweb.org/CommentAPI/"
	xmlns:dc="http://purl.org/dc/elements/1.1/"
	xmlns:atom="http://www.w3.org/2005/Atom"
	xmlns:sy="http://purl.org/rss/1.0/modules/syndication/"
	xmlns:slash="http://purl.org/rss/1.0/modules/slash/"
	
	xmlns:georss="http://www.georss.org/georss"
	xmlns:geo="http://www.w3.org/2003/01/geo/wgs84_pos#"
	>

<channel>
	<title>Gluten free &#8211; Forno d&#039;Amuri</title>
	<atom:link href="./index.html" rel="self" type="application/rss+xml" />
	<link>./../../../index.html</link>
	<description></description>
	<lastBuildDate>Fri, 24 Mar 2023 14:10:12 +0000</lastBuildDate>
	<language>it-IT</language>
	<sy:updatePeriod>
	hourly	</sy:updatePeriod>
	<sy:updateFrequency>
	1	</sy:updateFrequency>
	<generator>https://wordpress.org/?v=6.1.1</generator>
	<item>
		<title>Pane casareccio senza glutine</title>
		<link>./../../../prodotto/pane-casareccio-senza-glutine/index.html</link>
					<comments>./../../../prodotto/pane-casareccio-senza-glutine/index.html#respond</comments>
		
		<dc:creator><![CDATA[dorin]]></dc:creator>
		<pubDate>Fri, 24 Mar 2023 12:04:08 +0000</pubDate>
				<guid isPermaLink="false">./../../../index.html?post_type=product#038;p=61</guid>

					<description><![CDATA[Pane casareccio senza glutine 200 gr]]></description>
										<content:encoded><![CDATA[<p>L&#8217;assenza di glutine non influisce sul sapore, consistenza e profumo del prodotto.</p>
<p>&nbsp;</p>
]]></content:encoded>
					
					<wfw:commentRss>./../../../prodotto/pane-casareccio-senza-glutine/feed/index.html</wfw:commentRss>
			<slash:comments>0</slash:comments>
		
		
			</item>
		<item>
		<title>Pane rosetta senza glutine</title>
		<link>./../../../prodotto/pane-rosetta-senza-glutine/index.html</link>
					<comments>./../../../prodotto/pane-rosetta-senza-glutine/index.html#respond</comments>
		
		<dc:creator><![CDATA[dorin]]></dc:creator>
		<pubDate>Fri, 24 Mar 2023 12:00:40 +0000</pubDate>
				<guid isPermaLink="false">./../../../index.html?post_type=product#038;p=59</guid>

					<description><![CDATA[Pane rosetta gluten free (2pz)]]></description>
										<content:encoded><![CDATA[<p>Sacchetto monodose da 50gr</p>
<p>Acqua, amido di mais, farina di riso, olio di girasole alto oleico, lievito, zucchero, addensanti: farina di semi di guar, idrossipropilmetil, cellulosa, sale iodato, fibra di psyllium, proteine di lupino, aromi, correttore di acidità: acido tartarico. Può contenere sesamo, senape, uovo, frutta a guscio e soia. Trattato con alcool etilico in superficie. Naturalmente privo di lattosio: lattosio inferiore a 0,01gr per 100gr Pronto per l&#8217;uso &#8211; per un prodotto ancora più croccante scaldare in forno a 180°C per 5 min Confezionato in atmosfera protettiva &#8211; rosetta monoporzione confezionata singolarmente Conservare in luogo fresco e asciutto lontano da fonti di calore Valori Nutrizionali Valore energetico kj 1003 Valore energetico kcal 238 Carboidrati 46,5g di cui Zuccheri 3g Proteine 2,5g Grassi 3,50g di cui saturi 0.5g Fibre 5g Sale 1,20g</p>
]]></content:encoded>
					
					<wfw:commentRss>./../../../prodotto/pane-rosetta-senza-glutine/feed/index.html</wfw:commentRss>
			<slash:comments>0</slash:comments>
		
		
			</item>
	</channel>
</rss>
