<?xml version="1.0" encoding="UTF-8"?><rss version="2.0"
	xmlns:content="http://purl.org/rss/1.0/modules/content/"
	xmlns:wfw="http://wellformedweb.org/CommentAPI/"
	xmlns:dc="http://purl.org/dc/elements/1.1/"
	xmlns:atom="http://www.w3.org/2005/Atom"
	xmlns:sy="http://purl.org/rss/1.0/modules/syndication/"
	xmlns:slash="http://purl.org/rss/1.0/modules/slash/"
	
	xmlns:georss="http://www.georss.org/georss"
	xmlns:geo="http://www.w3.org/2003/01/geo/wgs84_pos#"
	>

<channel>
	<title>Pane &#8211; Forno d&#039;Amuri</title>
	<atom:link href="./index.html" rel="self" type="application/rss+xml" />
	<link>./../../../index.html</link>
	<description></description>
	<lastBuildDate>Fri, 24 Mar 2023 14:13:13 +0000</lastBuildDate>
	<language>it-IT</language>
	<sy:updatePeriod>
	hourly	</sy:updatePeriod>
	<sy:updateFrequency>
	1	</sy:updateFrequency>
	<generator>https://wordpress.org/?v=6.1.1</generator>
	<item>
		<title>Pane di tumminia</title>
		<link>./../../../prodotto/pane-di-tumminia/index.html</link>
					<comments>./../../../prodotto/pane-di-tumminia/index.html#respond</comments>
		
		<dc:creator><![CDATA[dorin]]></dc:creator>
		<pubDate>Fri, 24 Mar 2023 11:42:47 +0000</pubDate>
				<guid isPermaLink="false">./../../../index.html?post_type=product#038;p=52</guid>

					<description><![CDATA[Pane di Tumminia (o timilia) con grani antichi siciliani 1 Kg]]></description>
										<content:encoded><![CDATA[<p>Pane di Tumminia o Timilia 1 kg (4 porzioni imbustate singolarmente e poste sottovuoto da 250 grammi circa cadauna) Ingredienti: Farina di Grano Tenero*, Farina di Tumminia, Farina di Frumento*, Acqua, Sale, Lievito Naturale *anche le farina di grano tenero e di frumento è Timilia.</p>
]]></content:encoded>
					
					<wfw:commentRss>./../../../prodotto/pane-di-tumminia/feed/index.html</wfw:commentRss>
			<slash:comments>0</slash:comments>
		
		
			</item>
		<item>
		<title>Pane con sesamo</title>
		<link>./../../../prodotto/pane-con-sesamo/index.html</link>
					<comments>./../../../prodotto/pane-con-sesamo/index.html#respond</comments>
		
		<dc:creator><![CDATA[dorin]]></dc:creator>
		<pubDate>Fri, 24 Mar 2023 11:39:27 +0000</pubDate>
				<guid isPermaLink="false">./../../../index.html?post_type=product#038;p=50</guid>

					<description><![CDATA[Pane siciliano con sesamo 300g- Lievito bi birra (1pz)]]></description>
										<content:encoded><![CDATA[<p><strong>PANE SICILIANO CON SESAMO </strong>In Sicilia, è facile trovare in vendita, nei panifici questo pane, dalla forma a filone, ricoperto interamente da semi di sesamo. La crosta è croccante e l’interno è soffice e profumato. Merito dell’utilizzo della farina di semola  di grano duro.  Adatto per accompagnare tutte le pietanze, in particolar modo i salumi e i formaggi</p>
]]></content:encoded>
					
					<wfw:commentRss>./../../../prodotto/pane-con-sesamo/feed/index.html</wfw:commentRss>
			<slash:comments>0</slash:comments>
		
		
			</item>
		<item>
		<title>Pane mafalda</title>
		<link>./../../../prodotto/pane-mafalda/index.html</link>
					<comments>./../../../prodotto/pane-mafalda/index.html#respond</comments>
		
		<dc:creator><![CDATA[dorin]]></dc:creator>
		<pubDate>Fri, 24 Mar 2023 11:27:40 +0000</pubDate>
				<guid isPermaLink="false">./../../../index.html?post_type=product#038;p=44</guid>

					<description><![CDATA[Pane Mafalda morbidissimo (1pz)]]></description>
										<content:encoded><![CDATA[<p>La mafalda è un <strong>pane siciliano</strong>, realizzato con semola di grano duro e caratterizzato da una superficie ricoperta da semi di sesamo, oltre a insaporire il pane, conferiscono un buon profumo. Ha una mollica soffice e una crosta dorata e croccante. Oggi la mafalda è tra le forme di pane più diffuse nelle panetterie di Palermo, è un panino che ho adorato al primo morso e che è perfetto da gustare caldo farcito in mille modi diversi, dal salame e formaggio alla nutella.</p>
<ul class="list-group list-ingr">
<li class="list-group-item">
<div class="col">semola di grano duro rimacinata</div>
</li>
<li class="list-group-item">
<div class="col">lievito di birra</div>
</li>
<li class="list-group-item">
<div class="col">olio</div>
</li>
<li class="list-group-item">
<div class="col">
<div class="col-auto">sale e semi di sesamo</div>
<div class="col"></div>
</div>
</li>
</ul>
]]></content:encoded>
					
					<wfw:commentRss>./../../../prodotto/pane-mafalda/feed/index.html</wfw:commentRss>
			<slash:comments>0</slash:comments>
		
		
			</item>
	</channel>
</rss>
