<?xml version="1.0" encoding="UTF-8"?><rss version="2.0"
	xmlns:content="http://purl.org/rss/1.0/modules/content/"
	xmlns:wfw="http://wellformedweb.org/CommentAPI/"
	xmlns:dc="http://purl.org/dc/elements/1.1/"
	xmlns:atom="http://www.w3.org/2005/Atom"
	xmlns:sy="http://purl.org/rss/1.0/modules/syndication/"
	xmlns:slash="http://purl.org/rss/1.0/modules/slash/"
	
	xmlns:georss="http://www.georss.org/georss"
	xmlns:geo="http://www.w3.org/2003/01/geo/wgs84_pos#"
	>

<channel>
	<title>Prodotti &#8211; Forno d&#039;Amuri</title>
	<atom:link href="./index.html" rel="self" type="application/rss+xml" />
	<link>./../../index.html</link>
	<description></description>
	<lastBuildDate>Sat, 25 Mar 2023 00:06:33 +0000</lastBuildDate>
	<language>it-IT</language>
	<sy:updatePeriod>
	hourly	</sy:updatePeriod>
	<sy:updateFrequency>
	1	</sy:updateFrequency>
	<generator>https://wordpress.org/?v=6.1.1</generator>
	<item>
		<title>Focaccia</title>
		<link>./../../prodotto/focaccia/index.html</link>
					<comments>./../../prodotto/focaccia/index.html#respond</comments>
		
		<dc:creator><![CDATA[dorin]]></dc:creator>
		<pubDate>Fri, 24 Mar 2023 14:25:49 +0000</pubDate>
				<guid isPermaLink="false">./../../index.html?post_type=product#038;p=104</guid>

					<description><![CDATA[Focaccia pomodoro e olive]]></description>
										<content:encoded><![CDATA[<hr />
<div id="product-description-short-540" class="prodes">
<p>La focaccia che vi proponiamo è preparata artigianalmente e cotta al forno al legna. Il formato di UNA ruota di focaccia intera è di <strong>600gr</strong>.</p>
</div>
]]></content:encoded>
					
					<wfw:commentRss>./../../prodotto/focaccia/feed/index.html</wfw:commentRss>
			<slash:comments>0</slash:comments>
		
		
			</item>
		<item>
		<title>pasticcini pasta di mandorle</title>
		<link>./../../prodotto/pasticcini-pasta-di-mandorle/index.html</link>
					<comments>./../../prodotto/pasticcini-pasta-di-mandorle/index.html#respond</comments>
		
		<dc:creator><![CDATA[dorin]]></dc:creator>
		<pubDate>Fri, 24 Mar 2023 14:21:29 +0000</pubDate>
				<guid isPermaLink="false">./../../index.html?post_type=product#038;p=103</guid>

					<description><![CDATA[Pasticcini siciliani in pasta di mandorle]]></description>
										<content:encoded><![CDATA[<h1 class="a-size-base-plus a-text-bold"></h1>
<p><span class="a-list-item"> BISCOTTI DI MANDORLA: direttamente dalla Sicilia, prodotti in laboratorio artigianale. Ogni confezione contiene 600 gr di BISCOTTI DI MANDORLA ASSORTITI. L’originale biscotto di mandorla siciliano nelle sue declinazioni più buone</span></p>
<p><span class="a-list-item"> GUSTI ASSORTITI: impasto morbido, profumato ai sentori di Sicilia con diverse varianti::Ricci Arancia, Ricci Pistacchio, Ricci Nocciola, Ricci Limone, Ricci Ciliegia, Ricci Carrubo, Mandorlini e Mandorlini Limone e Zenzero</span></p>
<p><span class="a-list-item">IN BUSTINE MONOPORZIONE: ogni biscotto è incartato all’interno di una bustina di plastica monoporzione che lo mantiene in ambiente sicuro e pulito fino alla sua apertura. Ciò assicura una migliore conservazione del prodotto nelle sue proprietà fina alla apertura</span></p>
]]></content:encoded>
					
					<wfw:commentRss>./../../prodotto/pasticcini-pasta-di-mandorle/feed/index.html</wfw:commentRss>
			<slash:comments>0</slash:comments>
		
		
			</item>
		<item>
		<title>Biscotti regina</title>
		<link>./../../prodotto/biscotti-regina/index.html</link>
					<comments>./../../prodotto/biscotti-regina/index.html#respond</comments>
		
		<dc:creator><![CDATA[dorin]]></dc:creator>
		<pubDate>Fri, 24 Mar 2023 14:17:44 +0000</pubDate>
				<guid isPermaLink="false">./../../index.html?post_type=product#038;p=101</guid>

					<description><![CDATA[Biscotti regina 500gr]]></description>
										<content:encoded><![CDATA[<p>Prodotto 100% Artigianalmente entro le 24h successive alla ordinazione.</p>
<p>I biscotti Regina o Reginella sono dei <strong> tipici biscotti siciliani ricoperti con semi di sesamo</strong>, conosciuti anche come &#8220;viscotti nciminati&#8221; o &#8220;viscotta ca giuggiulena&#8221;: cimino e giuggiulena significano, infatti, semi di sesamo. Si tratta di biscotti croccanti e deliziosi preparati con una particolare pasta frolla e ricoperti con semi di sesamo tostati.</p>
]]></content:encoded>
					
					<wfw:commentRss>./../../prodotto/biscotti-regina/feed/index.html</wfw:commentRss>
			<slash:comments>0</slash:comments>
		
		
			</item>
		<item>
		<title>Panino con panelle</title>
		<link>./../../prodotto/panino-con-panelle/index.html</link>
					<comments>./../../prodotto/panino-con-panelle/index.html#respond</comments>
		
		<dc:creator><![CDATA[dorin]]></dc:creator>
		<pubDate>Fri, 24 Mar 2023 14:01:37 +0000</pubDate>
				<guid isPermaLink="false">./../../index.html?post_type=product#038;p=92</guid>

					<description><![CDATA[panino con panelle]]></description>
										<content:encoded><![CDATA[<p>Pane e panelle palermitane, l&#8217;accoppiata perfetta! con l&#8217;aggiunta (facoltativa) di spezi e limone, per rendere tutto ancora più buono.</p>
]]></content:encoded>
					
					<wfw:commentRss>./../../prodotto/panino-con-panelle/feed/index.html</wfw:commentRss>
			<slash:comments>0</slash:comments>
		
		
			</item>
		<item>
		<title>Sfogliata siciliana</title>
		<link>./../../prodotto/sfogliata-siciliana/index.html</link>
					<comments>./../../prodotto/sfogliata-siciliana/index.html#respond</comments>
		
		<dc:creator><![CDATA[dorin]]></dc:creator>
		<pubDate>Fri, 24 Mar 2023 13:57:46 +0000</pubDate>
				<guid isPermaLink="false">./../../index.html?post_type=product#038;p=90</guid>

					<description><![CDATA[Sfogliata siciliana 2 PEZZI]]></description>
										<content:encoded><![CDATA[<p>Sfogliata con prosciutto, spinaci e mozzarella. Preparata solo con i nostri prodotti tipici.</p>
]]></content:encoded>
					
					<wfw:commentRss>./../../prodotto/sfogliata-siciliana/feed/index.html</wfw:commentRss>
			<slash:comments>0</slash:comments>
		
		
			</item>
		<item>
		<title>Arancino ragu</title>
		<link>./../../prodotto/arancino-ragu/index.html</link>
					<comments>./../../prodotto/arancino-ragu/index.html#respond</comments>
		
		<dc:creator><![CDATA[dorin]]></dc:creator>
		<pubDate>Fri, 24 Mar 2023 13:53:44 +0000</pubDate>
				<guid isPermaLink="false">./../../index.html?post_type=product#038;p=87</guid>

					<description><![CDATA[Arancino al ragu di suino 200 gr da friggere 4 PEZZI]]></description>
										<content:encoded><![CDATA[<p>mmagina lo schioppettìo dell’olio bollente, pronto ad accogliere il sapore della tradizione. Poi un profumo inconfondibile, da far invidia a tutto il vicinato. I nostri arancini al ragù di suino nero dei Nebrodi sono perfetti per una cena tipica in famiglia.</p>
]]></content:encoded>
					
					<wfw:commentRss>./../../prodotto/arancino-ragu/feed/index.html</wfw:commentRss>
			<slash:comments>0</slash:comments>
		
		
			</item>
		<item>
		<title>Pane casareccio senza glutine</title>
		<link>./../../prodotto/pane-casareccio-senza-glutine/index.html</link>
					<comments>./../../prodotto/pane-casareccio-senza-glutine/index.html#respond</comments>
		
		<dc:creator><![CDATA[dorin]]></dc:creator>
		<pubDate>Fri, 24 Mar 2023 12:04:08 +0000</pubDate>
				<guid isPermaLink="false">./../../index.html?post_type=product#038;p=61</guid>

					<description><![CDATA[Pane casareccio senza glutine 200 gr]]></description>
										<content:encoded><![CDATA[<p>L&#8217;assenza di glutine non influisce sul sapore, consistenza e profumo del prodotto.</p>
<p>&nbsp;</p>
]]></content:encoded>
					
					<wfw:commentRss>./../../prodotto/pane-casareccio-senza-glutine/feed/index.html</wfw:commentRss>
			<slash:comments>0</slash:comments>
		
		
			</item>
		<item>
		<title>Pane rosetta senza glutine</title>
		<link>./../../prodotto/pane-rosetta-senza-glutine/index.html</link>
					<comments>./../../prodotto/pane-rosetta-senza-glutine/index.html#respond</comments>
		
		<dc:creator><![CDATA[dorin]]></dc:creator>
		<pubDate>Fri, 24 Mar 2023 12:00:40 +0000</pubDate>
				<guid isPermaLink="false">./../../index.html?post_type=product#038;p=59</guid>

					<description><![CDATA[Pane rosetta gluten free (2pz)]]></description>
										<content:encoded><![CDATA[<p>Sacchetto monodose da 50gr</p>
<p>Acqua, amido di mais, farina di riso, olio di girasole alto oleico, lievito, zucchero, addensanti: farina di semi di guar, idrossipropilmetil, cellulosa, sale iodato, fibra di psyllium, proteine di lupino, aromi, correttore di acidità: acido tartarico. Può contenere sesamo, senape, uovo, frutta a guscio e soia. Trattato con alcool etilico in superficie. Naturalmente privo di lattosio: lattosio inferiore a 0,01gr per 100gr Pronto per l&#8217;uso &#8211; per un prodotto ancora più croccante scaldare in forno a 180°C per 5 min Confezionato in atmosfera protettiva &#8211; rosetta monoporzione confezionata singolarmente Conservare in luogo fresco e asciutto lontano da fonti di calore Valori Nutrizionali Valore energetico kj 1003 Valore energetico kcal 238 Carboidrati 46,5g di cui Zuccheri 3g Proteine 2,5g Grassi 3,50g di cui saturi 0.5g Fibre 5g Sale 1,20g</p>
]]></content:encoded>
					
					<wfw:commentRss>./../../prodotto/pane-rosetta-senza-glutine/feed/index.html</wfw:commentRss>
			<slash:comments>0</slash:comments>
		
		
			</item>
		<item>
		<title>Pane Puccia senza glutine</title>
		<link>./../../prodotto/pane-puccia-senza-glutine/index.html</link>
					<comments>./../../prodotto/pane-puccia-senza-glutine/index.html#respond</comments>
		
		<dc:creator><![CDATA[dorin]]></dc:creator>
		<pubDate>Fri, 24 Mar 2023 11:52:29 +0000</pubDate>
				<guid isPermaLink="false">./../../index.html?post_type=product#038;p=57</guid>

					<description><![CDATA[Pane Puccia SENZA GLUTINE  2 x 80gr]]></description>
										<content:encoded><![CDATA[<p>Pane Puccia senza glutine<br />
Confezione da 2 pz da 80 gr (tot. 160 gr)<br />
Prodotto Fresco, senza lattosio<br />
Prodotto NON contenente Amido di Frumento Deglutinato</p>
]]></content:encoded>
					
					<wfw:commentRss>./../../prodotto/pane-puccia-senza-glutine/feed/index.html</wfw:commentRss>
			<slash:comments>0</slash:comments>
		
		
			</item>
		<item>
		<title>Pane di tumminia</title>
		<link>./../../prodotto/pane-di-tumminia/index.html</link>
					<comments>./../../prodotto/pane-di-tumminia/index.html#respond</comments>
		
		<dc:creator><![CDATA[dorin]]></dc:creator>
		<pubDate>Fri, 24 Mar 2023 11:42:47 +0000</pubDate>
				<guid isPermaLink="false">./../../index.html?post_type=product#038;p=52</guid>

					<description><![CDATA[Pane di Tumminia (o timilia) con grani antichi siciliani 1 Kg]]></description>
										<content:encoded><![CDATA[<p>Pane di Tumminia o Timilia 1 kg (4 porzioni imbustate singolarmente e poste sottovuoto da 250 grammi circa cadauna) Ingredienti: Farina di Grano Tenero*, Farina di Tumminia, Farina di Frumento*, Acqua, Sale, Lievito Naturale *anche le farina di grano tenero e di frumento è Timilia.</p>
]]></content:encoded>
					
					<wfw:commentRss>./../../prodotto/pane-di-tumminia/feed/index.html</wfw:commentRss>
			<slash:comments>0</slash:comments>
		
		
			</item>
	</channel>
</rss>
