<?xml version="1.0" encoding="UTF-8"?><rss version="2.0"
	xmlns:content="http://purl.org/rss/1.0/modules/content/"
	xmlns:wfw="http://wellformedweb.org/CommentAPI/"
	xmlns:dc="http://purl.org/dc/elements/1.1/"
	xmlns:atom="http://www.w3.org/2005/Atom"
	xmlns:sy="http://purl.org/rss/1.0/modules/syndication/"
	xmlns:slash="http://purl.org/rss/1.0/modules/slash/"
	
	xmlns:georss="http://www.georss.org/georss"
	xmlns:geo="http://www.w3.org/2003/01/geo/wgs84_pos#"
	>

<channel>
	<title>Senza categoria &#8211; Forno d&#039;Amuri</title>
	<atom:link href="./index.html" rel="self" type="application/rss+xml" />
	<link>./../../../index.html</link>
	<description></description>
	<lastBuildDate>Fri, 24 Mar 2023 14:08:44 +0000</lastBuildDate>
	<language>it-IT</language>
	<sy:updatePeriod>
	hourly	</sy:updatePeriod>
	<sy:updateFrequency>
	1	</sy:updateFrequency>
	<generator>https://wordpress.org/?v=6.1.1</generator>
	<item>
		<title>Pane Puccia senza glutine</title>
		<link>./../../../prodotto/pane-puccia-senza-glutine/index.html</link>
					<comments>./../../../prodotto/pane-puccia-senza-glutine/index.html#respond</comments>
		
		<dc:creator><![CDATA[dorin]]></dc:creator>
		<pubDate>Fri, 24 Mar 2023 11:52:29 +0000</pubDate>
				<guid isPermaLink="false">./../../../index.html?post_type=product#038;p=57</guid>

					<description><![CDATA[Pane Puccia SENZA GLUTINE  2 x 80gr]]></description>
										<content:encoded><![CDATA[<p>Pane Puccia senza glutine<br />
Confezione da 2 pz da 80 gr (tot. 160 gr)<br />
Prodotto Fresco, senza lattosio<br />
Prodotto NON contenente Amido di Frumento Deglutinato</p>
]]></content:encoded>
					
					<wfw:commentRss>./../../../prodotto/pane-puccia-senza-glutine/feed/index.html</wfw:commentRss>
			<slash:comments>0</slash:comments>
		
		
			</item>
	</channel>
</rss>
