<?xml version="1.0" encoding="UTF-8"?><rss version="2.0"
	xmlns:content="http://purl.org/rss/1.0/modules/content/"
	xmlns:wfw="http://wellformedweb.org/CommentAPI/"
	xmlns:dc="http://purl.org/dc/elements/1.1/"
	xmlns:atom="http://www.w3.org/2005/Atom"
	xmlns:sy="http://purl.org/rss/1.0/modules/syndication/"
	xmlns:slash="http://purl.org/rss/1.0/modules/slash/"
	
	xmlns:georss="http://www.georss.org/georss"
	xmlns:geo="http://www.w3.org/2003/01/geo/wgs84_pos#"
	>

<channel>
	<title>biscotti &#8211; Forno d&#039;Amuri</title>
	<atom:link href="./index.html" rel="self" type="application/rss+xml" />
	<link>./../../../index.html</link>
	<description></description>
	<lastBuildDate>Fri, 24 Mar 2023 14:21:29 +0000</lastBuildDate>
	<language>it-IT</language>
	<sy:updatePeriod>
	hourly	</sy:updatePeriod>
	<sy:updateFrequency>
	1	</sy:updateFrequency>
	<generator>https://wordpress.org/?v=6.1.1</generator>
	<item>
		<title>pasticcini pasta di mandorle</title>
		<link>./../../../prodotto/pasticcini-pasta-di-mandorle/index.html</link>
					<comments>./../../../prodotto/pasticcini-pasta-di-mandorle/index.html#respond</comments>
		
		<dc:creator><![CDATA[dorin]]></dc:creator>
		<pubDate>Fri, 24 Mar 2023 14:21:29 +0000</pubDate>
				<guid isPermaLink="false">./../../../index.html?post_type=product#038;p=103</guid>

					<description><![CDATA[Pasticcini siciliani in pasta di mandorle]]></description>
										<content:encoded><![CDATA[<h1 class="a-size-base-plus a-text-bold"></h1>
<p><span class="a-list-item"> BISCOTTI DI MANDORLA: direttamente dalla Sicilia, prodotti in laboratorio artigianale. Ogni confezione contiene 600 gr di BISCOTTI DI MANDORLA ASSORTITI. L’originale biscotto di mandorla siciliano nelle sue declinazioni più buone</span></p>
<p><span class="a-list-item"> GUSTI ASSORTITI: impasto morbido, profumato ai sentori di Sicilia con diverse varianti::Ricci Arancia, Ricci Pistacchio, Ricci Nocciola, Ricci Limone, Ricci Ciliegia, Ricci Carrubo, Mandorlini e Mandorlini Limone e Zenzero</span></p>
<p><span class="a-list-item">IN BUSTINE MONOPORZIONE: ogni biscotto è incartato all’interno di una bustina di plastica monoporzione che lo mantiene in ambiente sicuro e pulito fino alla sua apertura. Ciò assicura una migliore conservazione del prodotto nelle sue proprietà fina alla apertura</span></p>
]]></content:encoded>
					
					<wfw:commentRss>./../../../prodotto/pasticcini-pasta-di-mandorle/feed/index.html</wfw:commentRss>
			<slash:comments>0</slash:comments>
		
		
			</item>
		<item>
		<title>Biscotti regina</title>
		<link>./../../../prodotto/biscotti-regina/index.html</link>
					<comments>./../../../prodotto/biscotti-regina/index.html#respond</comments>
		
		<dc:creator><![CDATA[dorin]]></dc:creator>
		<pubDate>Fri, 24 Mar 2023 14:17:44 +0000</pubDate>
				<guid isPermaLink="false">./../../../index.html?post_type=product#038;p=101</guid>

					<description><![CDATA[Biscotti regina 500gr]]></description>
										<content:encoded><![CDATA[<p>Prodotto 100% Artigianalmente entro le 24h successive alla ordinazione.</p>
<p>I biscotti Regina o Reginella sono dei <strong> tipici biscotti siciliani ricoperti con semi di sesamo</strong>, conosciuti anche come &#8220;viscotti nciminati&#8221; o &#8220;viscotta ca giuggiulena&#8221;: cimino e giuggiulena significano, infatti, semi di sesamo. Si tratta di biscotti croccanti e deliziosi preparati con una particolare pasta frolla e ricoperti con semi di sesamo tostati.</p>
]]></content:encoded>
					
					<wfw:commentRss>./../../../prodotto/biscotti-regina/feed/index.html</wfw:commentRss>
			<slash:comments>0</slash:comments>
		
		
			</item>
	</channel>
</rss>
