<?xml version="1.0" encoding="UTF-8"?><rss version="2.0"
	xmlns:content="http://purl.org/rss/1.0/modules/content/"
	xmlns:wfw="http://wellformedweb.org/CommentAPI/"
	xmlns:dc="http://purl.org/dc/elements/1.1/"
	xmlns:atom="http://www.w3.org/2005/Atom"
	xmlns:sy="http://purl.org/rss/1.0/modules/syndication/"
	xmlns:slash="http://purl.org/rss/1.0/modules/slash/"
	
	xmlns:georss="http://www.georss.org/georss"
	xmlns:geo="http://www.w3.org/2003/01/geo/wgs84_pos#"
	>

<channel>
	<title>Gastronomia &#8211; Forno d&#039;Amuri</title>
	<atom:link href="./index.html" rel="self" type="application/rss+xml" />
	<link>./../../../index.html</link>
	<description></description>
	<lastBuildDate>Sat, 25 Mar 2023 00:06:33 +0000</lastBuildDate>
	<language>it-IT</language>
	<sy:updatePeriod>
	hourly	</sy:updatePeriod>
	<sy:updateFrequency>
	1	</sy:updateFrequency>
	<generator>https://wordpress.org/?v=6.1.1</generator>
	<item>
		<title>Focaccia</title>
		<link>./../../../prodotto/focaccia/index.html</link>
					<comments>./../../../prodotto/focaccia/index.html#respond</comments>
		
		<dc:creator><![CDATA[dorin]]></dc:creator>
		<pubDate>Fri, 24 Mar 2023 14:25:49 +0000</pubDate>
				<guid isPermaLink="false">./../../../index.html?post_type=product#038;p=104</guid>

					<description><![CDATA[Focaccia pomodoro e olive]]></description>
										<content:encoded><![CDATA[<hr />
<div id="product-description-short-540" class="prodes">
<p>La focaccia che vi proponiamo è preparata artigianalmente e cotta al forno al legna. Il formato di UNA ruota di focaccia intera è di <strong>600gr</strong>.</p>
</div>
]]></content:encoded>
					
					<wfw:commentRss>./../../../prodotto/focaccia/feed/index.html</wfw:commentRss>
			<slash:comments>0</slash:comments>
		
		
			</item>
		<item>
		<title>Panino con panelle</title>
		<link>./../../../prodotto/panino-con-panelle/index.html</link>
					<comments>./../../../prodotto/panino-con-panelle/index.html#respond</comments>
		
		<dc:creator><![CDATA[dorin]]></dc:creator>
		<pubDate>Fri, 24 Mar 2023 14:01:37 +0000</pubDate>
				<guid isPermaLink="false">./../../../index.html?post_type=product#038;p=92</guid>

					<description><![CDATA[panino con panelle]]></description>
										<content:encoded><![CDATA[<p>Pane e panelle palermitane, l&#8217;accoppiata perfetta! con l&#8217;aggiunta (facoltativa) di spezi e limone, per rendere tutto ancora più buono.</p>
]]></content:encoded>
					
					<wfw:commentRss>./../../../prodotto/panino-con-panelle/feed/index.html</wfw:commentRss>
			<slash:comments>0</slash:comments>
		
		
			</item>
		<item>
		<title>Sfogliata siciliana</title>
		<link>./../../../prodotto/sfogliata-siciliana/index.html</link>
					<comments>./../../../prodotto/sfogliata-siciliana/index.html#respond</comments>
		
		<dc:creator><![CDATA[dorin]]></dc:creator>
		<pubDate>Fri, 24 Mar 2023 13:57:46 +0000</pubDate>
				<guid isPermaLink="false">./../../../index.html?post_type=product#038;p=90</guid>

					<description><![CDATA[Sfogliata siciliana 2 PEZZI]]></description>
										<content:encoded><![CDATA[<p>Sfogliata con prosciutto, spinaci e mozzarella. Preparata solo con i nostri prodotti tipici.</p>
]]></content:encoded>
					
					<wfw:commentRss>./../../../prodotto/sfogliata-siciliana/feed/index.html</wfw:commentRss>
			<slash:comments>0</slash:comments>
		
		
			</item>
		<item>
		<title>Arancino ragu</title>
		<link>./../../../prodotto/arancino-ragu/index.html</link>
					<comments>./../../../prodotto/arancino-ragu/index.html#respond</comments>
		
		<dc:creator><![CDATA[dorin]]></dc:creator>
		<pubDate>Fri, 24 Mar 2023 13:53:44 +0000</pubDate>
				<guid isPermaLink="false">./../../../index.html?post_type=product#038;p=87</guid>

					<description><![CDATA[Arancino al ragu di suino 200 gr da friggere 4 PEZZI]]></description>
										<content:encoded><![CDATA[<p>mmagina lo schioppettìo dell’olio bollente, pronto ad accogliere il sapore della tradizione. Poi un profumo inconfondibile, da far invidia a tutto il vicinato. I nostri arancini al ragù di suino nero dei Nebrodi sono perfetti per una cena tipica in famiglia.</p>
]]></content:encoded>
					
					<wfw:commentRss>./../../../prodotto/arancino-ragu/feed/index.html</wfw:commentRss>
			<slash:comments>0</slash:comments>
		
		
			</item>
	</channel>
</rss>
